
id,username,first_name,last_name,email,gender,phone_number

5027,helen.johnson,Helen,Johnson,helen.johnson@email.com,Agender,+1-268 375.384.6364

2897,dillon.roberts,Dillon,Roberts,dillon.roberts@email.com,Non-binary,+996 904-907-4856 x212

4848,rodrigo.reilly,Rodrigo,Reilly,rodrigo.reilly@email.com,Non-binary,+973 379-437-2512 x9135

8859,janis.kerluke,Janis,Kerluke,janis.kerluke@email.com,Agender,+994 521.223.7817 x17412

2074,ronna.bergstrom,Ronna,Bergstrom,ronna.bergstrom@email.com,Bigender,+298 (363) 955-1430 x5769

7514,luba.hilll,Luba,Hilll,luba.hilll@email.com,Genderqueer,+976 187-314-5989 x25557

1223,efren.o'keefe,Efren,O'Keefe,efren.o'keefe@email.com,Genderfluid,+968 633.467.0639 x159

5788,terrell.kuhic,Terrell,Kuhic,terrell.kuhic@email.com,Genderfluid,+58 1-479-995-2174

4819,florentino.kihn,Florentino,Kihn,florentino.kihn@email.com,Bigender,+690 1-296-817-0576 x7051

2019,joette.brown,Joette,Brown,joette.brown@email.com,Male,+44 870.154.0694 x665

5360,zack.swaniawski,Zack,Swaniawski,zack.swaniawski@email.com,Non-binary,+31 (941) 590-8705 x3710

7720,max.barton,Max,Barton,max.barton@email.com,Agender,+670 (650) 575-6251 x628

3319,rory.crona,Rory,Crona,rory.crona@email.com,Agender,+678 951.848.8041 x644

1074,sammy.auer,Sammy,Auer,sammy.auer@email.com,Genderqueer,+376 885-548-8111

282,arla.cole,Arla,Cole,arla.cole@email.com,Agender,+32 760.014.0079 x1319

1543,jessie.kiehn,Jessie,Kiehn,jessie.kiehn@email.com,Genderqueer,+1-939 631.857.9951 x278

4029,louis.mosciski,Louis,Mosciski,louis.mosciski@email.com,Polygender,+93 (247) 398-6240

8340,jarvis.larkin,Jarvis,Larkin,jarvis.larkin@email.com,Polygender,+262 889-762-2807

8601,deborah.fisher,Deborah,Fisher,deborah.fisher@email.com,Male,+298 1-817-079-0749 x258

4638,dwayne.champlin,Dwayne,Champlin,dwayne.champlin@email.com,Male,+94 (644) 230-6865 x327

